{"n_clusters": 2, "random_state": 42, "centroids": [[0.29842881678665023, 0.3991220395899659, 0.5277944295577902, 0.45175076162609484], [0.7924745110994303, 0.5755475982351885, 0.42327547193889953, 0.527906249460093]]}