{"n_clusters": 2, "random_state": 42, "centroids": [[0.6801323605011469, 0.28655347284784044, 0.5188168537405558, 0.4982490024026846], [0.3485388951935241, 0.6901816973265679, 0.5826742213793044, 0.4891727513288805]]}